Student_ID,Name,Age,Gender,Email,Phone,Enrollment_Year,Course_Batch,City,Graduation_Year
1,Danny Shields,27,Other,hebertheather@example.org,511-397-2652,2019,Batch-2019,Lake Nicole,2023
2,Daryl Goodman,22,Other,prestonjames@example.org,468.424.9254x959,2023,Batch-2023,Ashleyhaven,2027
3,Kimberly Gutierrez,21,Female,danajohnson@example.org,585-574-2149x83650,2020,Batch-2020,North Kimberly,2024
4,Brett Hernandez,27,Other,jessicaguzman@example.com,758.847.3550,2019,Batch-2019,Bakerburgh,2023
5,Ruth Scott,24,Male,pattersonchristopher@example.org,(203)934-7894x615,2018,Batch-2018,South Kimberlyport,2022
6,Christian Nicholson,22,Other,hannah82@example.net,379.708.1421x2390,2020,Batch-2020,Robertsonhaven,2024
7,Sara Patel,20,Female,jessicawalters@example.net,001-741-787-6564,2023,Batch-2023,New Denisehaven,2027
8,Bradley Gonzalez,22,Female,jessicasmith@example.org,(246)681-9451,2020,Batch-2020,West Valerie,2024
9,Savannah Nichols,29,Male,brandon05@example.org,356-626-3884x916,2018,Batch-2018,New Devinbury,2022
10,Michael Acosta,27,Male,jimeneznicholas@example.org,001-386-542-3582x542,2018,Batch-2018,Jenniferton,2022
11,Joseph Miller,30,Female,sean24@example.org,+1-855-550-2184,2023,Batch-2023,Lake Donaldhaven,2027
12,Todd Lee,27,Female,jeffreysanchez@example.net,+1-934-797-1108x143,2023,Batch-2023,Lake Gregory,2027
13,Jacqueline Murray,24,Male,smithjames@example.net,001-909-979-7176x21223,2019,Batch-2019,West John,2023
14,Tim Acosta,26,Other,glennjason@example.com,956-626-9038x882,2020,Batch-2020,Chavezberg,2024
15,Tyler Robinson,20,Female,ahowe@example.org,2727123962,2022,Batch-2022,Archermouth,2026
16,James Martinez,30,Female,brewerpamela@example.org,663-397-5154,2019,Batch-2019,Bradleymouth,2023
17,Tony Williams,30,Male,hartcaitlyn@example.com,(604)461-8151,2023,Batch-2023,Lake Yesenia,2027
18,Bobby Roberts,19,Other,oneilltimothy@example.com,575.747.2649,2021,Batch-2021,Aprilburgh,2025
19,Tonya Juarez,30,Female,emejia@example.net,782.242.2756x84560,2022,Batch-2022,Drakefurt,2026
20,Robert Davis,26,Female,lawsonapril@example.com,(720)423-9883x212,2020,Batch-2020,Jennifermouth,2024
21,Maria Todd,25,Other,enguyen@example.org,8104944894,2018,Batch-2018,Victormouth,2022
22,Amy Moon,28,Female,maureenowens@example.com,+1-587-317-3644x424,2019,Batch-2019,West Adambury,2023
23,Frank Howard,23,Male,tjones@example.net,(288)633-2211,2018,Batch-2018,Port Robertburgh,2022
24,Ryan Martin,24,Other,timothy03@example.com,739.742.1460x58900,2021,Batch-2021,Davidview,2025
25,Jeremy Garcia,22,Other,susan25@example.net,933-690-5459x238,2021,Batch-2021,Port Jimmy,2025
26,Jason Delgado,25,Female,richardsonmichael@example.com,314.563.0692,2018,Batch-2018,East Anthony,2022
27,Karen Baker,26,Other,zamoraronald@example.com,001-359-981-2421x11379,2018,Batch-2018,Kimberlyburgh,2022
28,Benjamin Garner,28,Other,paceaaron@example.net,+1-969-907-5305x97466,2022,Batch-2022,New Michelle,2026
29,Ryan Ray,23,Other,onelson@example.org,001-687-499-8390x043,2023,Batch-2023,Shannonchester,2027
30,Spencer Murillo,24,Female,allisonwatson@example.net,405-811-9309x861,2022,Batch-2022,Cunninghammouth,2026
31,Patricia Jones,30,Other,cochrananthony@example.org,001-718-841-8897,2019,Batch-2019,Rodriguezfurt,2023
32,Kathryn Schneider,30,Female,harrisharry@example.org,(720)390-2612x70706,2021,Batch-2021,East Zacharyburgh,2025
33,Crystal Vega,29,Male,nmoore@example.com,293.569.2464x0998,2019,Batch-2019,Garzaburgh,2023
34,Benjamin Knight,22,Other,bbarajas@example.org,963-733-7615,2021,Batch-2021,Whiteville,2025
35,Mr. Barry Miller,22,Other,halltammy@example.org,709-502-9363x301,2019,Batch-2019,Knoxchester,2023
36,Carol Guerra,20,Other,yatesannette@example.net,479-947-5668,2022,Batch-2022,New Christine,2026
37,Brian Tanner,18,Other,henryberry@example.net,+1-324-918-4803x292,2021,Batch-2021,Riggsmouth,2025
38,Charles Murphy,22,Female,miranda02@example.com,761.805.1558x3456,2022,Batch-2022,Huynhchester,2026
39,Tammy Webster,29,Female,ycollins@example.org,(780)949-2314x3062,2021,Batch-2021,North Margaret,2025
40,Charles Hall,30,Female,davidstephens@example.org,706.969.8036,2021,Batch-2021,East Dylanville,2025
41,Cody Richard,21,Male,lindsay50@example.org,001-931-802-6864x128,2021,Batch-2021,North Sharon,2025
42,Travis Sloan,23,Other,gregory78@example.net,266.467.6556,2019,Batch-2019,New Davidland,2023
43,Erin Hicks,30,Male,billyschneider@example.net,001-551-313-2301,2019,Batch-2019,North Dennischester,2023
44,Stacy Russell,26,Male,elopez@example.com,666-470-2413x0200,2020,Batch-2020,Brianshire,2024
45,Troy Howard,21,Other,rodney98@example.net,+1-439-654-3297x62241,2020,Batch-2020,Howardtown,2024
46,Alejandra Larsen,23,Female,murphyalexander@example.org,928-383-5825,2018,Batch-2018,East Stephenfort,2022
47,Kristen Murray,20,Female,oharmon@example.net,921.866.9579x103,2023,Batch-2023,Kingtown,2027
48,Patricia Williams,19,Male,jmorrow@example.net,(954)353-0273,2022,Batch-2022,Pattyfort,2026
49,Joseph Green,25,Female,annascott@example.com,4879295035,2018,Batch-2018,Maryville,2022
50,Garrett Marquez,27,Other,lburns@example.net,336-262-0917x708,2021,Batch-2021,Lauriemouth,2025
51,Brianna Tanner,30,Female,robin61@example.com,(652)690-7594x4180,2023,Batch-2023,New Darrell,2027
52,Joann Wood,26,Male,ewade@example.org,8602674154,2023,Batch-2023,East Holly,2027
53,Michael White,27,Male,cynthia20@example.org,001-378-577-0046x144,2019,Batch-2019,North Stacie,2023
54,Jessica Butler,27,Male,icarter@example.org,(328)598-3238x1190,2020,Batch-2020,Lake Deborah,2024
55,Jason Larsen,26,Male,mcdowellbrian@example.org,+1-756-612-0093x22545,2022,Batch-2022,Codyburgh,2026
56,Anna Wall MD,23,Female,david55@example.net,690.570.5845,2023,Batch-2023,West Dennisbury,2027
57,Justin Lambert,25,Male,lowerylaurie@example.net,750.353.0818,2018,Batch-2018,West Tanner,2022
58,Alan Sullivan,24,Female,doyleedward@example.com,(603)971-4821x81758,2020,Batch-2020,West Jesseburgh,2024
59,John Reynolds,30,Male,jmeyer@example.net,741-474-6254x115,2021,Batch-2021,Port Jamesport,2025
60,Kenneth Bailey,26,Female,archerchristine@example.org,+1-996-558-3317,2019,Batch-2019,New Wandatown,2023
61,Diana Kelly DDS,24,Other,brookebryant@example.org,536-792-8191,2020,Batch-2020,Warrenbury,2024
62,Amber Greene,23,Male,keith81@example.org,329-759-7550x74206,2022,Batch-2022,Harriston,2026
63,Danielle Hudson,25,Female,leonard01@example.net,614.919.7395,2019,Batch-2019,Robertville,2023
64,Jennifer Cook,29,Female,gwarren@example.com,+1-537-742-5200x903,2018,Batch-2018,Sabrinamouth,2022
65,Cheryl Potter,20,Male,ghernandez@example.net,896-461-4434,2023,Batch-2023,New Rachel,2027
66,Christina Taylor,18,Female,wilsoncarla@example.com,6436321345,2022,Batch-2022,Port Tiffanyberg,2026
67,Carl Jacobson,27,Male,kruegercourtney@example.net,4506496796,2021,Batch-2021,Port Timothytown,2025
68,Amanda Rose,21,Male,nicholegoodwin@example.net,+1-556-630-5496x77110,2023,Batch-2023,West Lauren,2027
69,Crystal Ellis,27,Female,clarkamy@example.com,(451)925-8793,2020,Batch-2020,Caldwellland,2024
70,Maureen Rowe,30,Other,mendozakyle@example.org,(755)496-4236,2023,Batch-2023,Markfort,2027
71,Richard Rose,18,Female,allenteresa@example.net,+1-239-671-0378x502,2023,Batch-2023,New Amandaton,2027
72,Mikayla Williams,27,Other,philipjones@example.com,(340)354-5417,2021,Batch-2021,Laurieville,2025
73,Penny Barrett,29,Male,gary77@example.org,001-620-684-5104x4969,2020,Batch-2020,Jameschester,2024
74,Zachary Fernandez,20,Female,lauren41@example.com,(226)356-0493x9969,2020,Batch-2020,Eileenshire,2024
75,Harold Cooper,28,Female,cfranklin@example.net,824-484-5906,2023,Batch-2023,North Ryanmouth,2027
76,Timothy Yu,21,Other,barnessarah@example.net,923.950.4429,2019,Batch-2019,South Katherineberg,2023
77,Jason Hanson,23,Female,mendozavalerie@example.net,001-646-836-8493x73983,2019,Batch-2019,Jessicaville,2023
78,Denise Gilbert,25,Female,holtelizabeth@example.org,342.694.2382,2021,Batch-2021,Jessehaven,2025
79,Jackson Kennedy,19,Other,debbiejenkins@example.net,001-345-267-9271,2021,Batch-2021,East Daisytown,2025
80,Teresa Frost,29,Other,stefanie70@example.net,579.713.0470,2020,Batch-2020,New Joanna,2024
81,Hannah Young,23,Male,morganwilson@example.net,5078557346,2018,Batch-2018,Port Brandonchester,2022
82,Lucas Smith,21,Other,marycamacho@example.com,889.717.5395,2019,Batch-2019,Port Richard,2023
83,Kelly Jackson,23,Female,james21@example.org,415-574-3944x0941,2020,Batch-2020,West Todd,2024
84,Blake Holloway DDS,23,Other,pmoore@example.org,+1-594-453-6063,2022,Batch-2022,Evansfurt,2026
85,Shannon Singleton,26,Female,trevor95@example.com,+1-458-770-6000x527,2018,Batch-2018,Smithtown,2022
86,Joseph Norman,18,Female,catherine73@example.com,+1-454-611-5912x07051,2021,Batch-2021,Benjaminburgh,2025
87,Gabriela Kaiser,19,Other,bkelley@example.org,(908)437-9058,2020,Batch-2020,South Ryanmouth,2024
88,Tammy Mitchell,26,Male,bphillips@example.org,(647)556-3867x0262,2018,Batch-2018,West Brian,2022
89,Brittany Perkins,25,Male,middletonjoseph@example.org,001-967-241-7660,2022,Batch-2022,Gutierrezport,2026
90,Thomas Morales,25,Male,riggsjustin@example.com,444.448.6255,2018,Batch-2018,Lake Zachary,2022
91,Jose Garner,27,Male,hallamber@example.net,+1-444-846-4961x95672,2020,Batch-2020,Port Allisonville,2024
92,Michael Medina,26,Other,meganwarren@example.net,+1-268-200-3778x7754,2021,Batch-2021,New Michael,2025
93,Jennifer Luna,23,Other,mrogers@example.org,+1-743-217-8062x4859,2023,Batch-2023,Vargasmouth,2027
94,Chad Sawyer,20,Female,stevenjensen@example.com,(565)319-3358x234,2023,Batch-2023,East Roy,2027
95,Amy Rhodes,30,Male,zgarcia@example.org,576-564-9076x8919,2022,Batch-2022,West Jackberg,2026
96,Stanley Long,25,Female,lori11@example.net,950-341-2842,2022,Batch-2022,Rosalesberg,2026
97,Allison Henry,18,Female,kennethlara@example.net,206.939.6164x3063,2021,Batch-2021,East Jamesfort,2025
98,Matthew Marshall,23,Male,rrivera@example.com,2739835408,2019,Batch-2019,Higginschester,2023
99,Rebecca Adkins,30,Female,garyswanson@example.net,+1-281-238-2764,2022,Batch-2022,Wangmouth,2026
100,Katrina Baker,29,Female,chapmannicholas@example.org,457-800-0222x54960,2021,Batch-2021,West Laurahaven,2025
101,David Ortega,24,Female,hicksangela@example.com,+1-865-380-6395x374,2023,Batch-2023,Hansenside,2027
102,Kathryn Trevino,29,Female,cwalker@example.net,(469)819-4963x2498,2022,Batch-2022,Williamstown,2026
103,Ashley Smith,26,Female,melissa10@example.net,001-554-639-3857x01947,2018,Batch-2018,West Frankland,2022
104,Nicholas Johnson,22,Male,robertclark@example.com,418-229-3655,2020,Batch-2020,Philiphaven,2024
105,James Curtis,20,Male,trodriguez@example.net,001-702-729-9327x202,2023,Batch-2023,Woodside,2027
106,Bryan Morgan,24,Female,carterkimberly@example.com,545.935.2013,2021,Batch-2021,Bradleyburgh,2025
107,Hannah Rodriguez,20,Female,shelby24@example.com,+1-309-454-9809x0078,2019,Batch-2019,Lake Kimberly,2023
108,Calvin Miller,27,Other,joesavage@example.org,488.698.4437x0723,2019,Batch-2019,West Ryanshire,2023
109,William Bell,30,Female,francisdavid@example.org,001-474-208-5140x0573,2023,Batch-2023,New Loganside,2027
110,David Duffy,30,Male,jennifer61@example.org,+1-908-965-2606x928,2022,Batch-2022,Zamorafurt,2026
111,Bobby Hernandez,26,Female,livingstonashley@example.org,(976)226-0151x4494,2018,Batch-2018,Hudsontown,2022
112,Marcus Ashley,28,Female,amy24@example.com,766-541-9762x8633,2020,Batch-2020,West Earlshire,2024
113,Christopher Short,21,Female,goodwinstacy@example.net,904-215-9462x691,2021,Batch-2021,Christianshire,2025
114,Veronica Ortiz,23,Male,sharpjillian@example.net,+1-762-392-9556,2019,Batch-2019,Stevenview,2023
115,Andrea Brady,20,Male,paul78@example.org,822.397.5556x681,2022,Batch-2022,South Austinfurt,2026
116,Nicole Jones,25,Male,lewisjennifer@example.net,328.345.5841,2023,Batch-2023,Mistyfort,2027
117,Mrs. Jessica Clayton,25,Other,yballard@example.net,+1-796-920-5097x4767,2019,Batch-2019,East Meganstad,2023
118,Christopher Moss,22,Male,john55@example.com,+1-773-337-0585x453,2022,Batch-2022,Pattersonmouth,2026
119,Timothy Lam,27,Male,dylanfoster@example.net,320-363-0042x456,2021,Batch-2021,Dianeborough,2025
120,Xavier Myers,26,Female,darlene16@example.net,001-280-431-7123x71517,2019,Batch-2019,Jenkinsmouth,2023
121,Cheyenne Todd,23,Other,paul24@example.net,001-392-597-0389x53013,2020,Batch-2020,Washingtonstad,2024
122,Tyler Romero,26,Female,qcordova@example.net,925.552.5558x34195,2023,Batch-2023,Jamesshire,2027
123,George Cox,19,Other,oblack@example.com,374-853-4187,2018,Batch-2018,Dayfort,2022
124,Trevor Barrett,28,Male,kyle67@example.net,001-412-573-0685x2717,2019,Batch-2019,Lake Natasha,2023
125,Christopher Turner,30,Female,clarkediana@example.org,403-703-2695,2023,Batch-2023,Cliffordside,2027
126,Kevin Key,23,Other,matthewlee@example.com,378-414-7163x6607,2020,Batch-2020,Anthonyhaven,2024
127,Phillip Thompson,19,Other,robertleonard@example.org,510.553.2515x143,2021,Batch-2021,Leefort,2025
128,Monica Baker,23,Female,amandawolfe@example.org,908-641-4636x518,2019,Batch-2019,Kingview,2023
129,Harry Morales,23,Female,patriciamartin@example.com,+1-629-265-4462x6334,2020,Batch-2020,West Martin,2024
130,Caitlin Hudson,25,Other,adamsdavid@example.net,+1-720-564-6901,2021,Batch-2021,Lake Ericside,2025
131,Sheri Garcia,24,Male,wrightkim@example.net,(697)391-1804x830,2018,Batch-2018,Dianaview,2022
132,Susan Baker MD,21,Other,elizabethjones@example.org,851.629.6962,2020,Batch-2020,Janeburgh,2024
133,Shaun Mcneil,18,Male,smithdavid@example.net,+1-908-584-7824x94304,2020,Batch-2020,Loweburgh,2024
134,Janice Smith,30,Other,garciasarah@example.net,(830)300-1205,2021,Batch-2021,Lake Steventown,2025
135,Crystal Hill,28,Other,mallorygray@example.com,(987)313-7602x1994,2023,Batch-2023,Hendersonhaven,2027
136,Ethan Malone,30,Female,julieparker@example.com,921-647-6345x9783,2021,Batch-2021,West Jeffreyside,2025
137,Thomas Gilbert,18,Other,vkelly@example.com,208.551.0871,2019,Batch-2019,South Jamesshire,2023
138,Cory Ward,25,Female,ian85@example.org,438.386.0230x6004,2023,Batch-2023,Lake Davidland,2027
139,Erica Lane,21,Male,destiny72@example.net,398.220.8947x59938,2022,Batch-2022,Wardborough,2026
140,Amy Moore,19,Female,david84@example.org,(502)252-5069,2022,Batch-2022,Jonesland,2026
141,Bianca Bullock,23,Female,hopkinspaul@example.com,4712002963,2018,Batch-2018,Jenniferport,2022
142,Robert Peterson,24,Male,fosterandrew@example.org,+1-573-551-7866x50396,2018,Batch-2018,Hernandezshire,2022
143,Kevin Diaz,24,Other,tracey17@example.com,+1-537-441-7743x31947,2023,Batch-2023,New Amyport,2027
144,Crystal Lawrence,29,Male,jason91@example.com,+1-337-821-4931x650,2023,Batch-2023,Anthonyshire,2027
145,Gloria Dominguez,24,Male,yjohnson@example.net,970-926-3083,2018,Batch-2018,Velazquezland,2022
146,Carrie Solis,27,Male,uconrad@example.net,001-756-717-0892x679,2018,Batch-2018,East Amy,2022
147,Patricia Reynolds,22,Male,mclaughlinsusan@example.net,(589)382-5309,2020,Batch-2020,Port Alexandria,2024
148,Michelle Peterson,28,Other,taylor63@example.net,+1-982-695-8072x3466,2021,Batch-2021,West Teresa,2025
149,Jorge Crosby,22,Female,phillipsjohn@example.com,(788)306-4314,2019,Batch-2019,Ryanview,2023
150,Catherine Perez,30,Male,grimesjesse@example.net,215-277-7600,2023,Batch-2023,Port Sarahland,2027
151,Stacy Watson,19,Female,pennybush@example.com,765-555-2275,2018,Batch-2018,New Aprilmouth,2022
152,Phillip Murphy,29,Male,uwallace@example.com,263-228-9707x0281,2022,Batch-2022,Lopezfurt,2026
153,Stephanie Williams,19,Other,lambertvictor@example.net,667-839-0144,2023,Batch-2023,Phillipfort,2027
154,Ashley Evans,27,Other,kgonzalez@example.org,7349671631,2020,Batch-2020,Port Sherry,2024
155,Mark Klein,24,Other,laura36@example.org,+1-887-417-2019x5210,2020,Batch-2020,Hughesfort,2024
156,Christine Savage,26,Other,ericaroth@example.org,(589)882-3798,2022,Batch-2022,South Mirandachester,2026
157,Deborah Dixon DDS,28,Other,igriffith@example.net,385-529-5455x335,2023,Batch-2023,East Donnaberg,2027
158,Michael Holt,22,Female,castillocarol@example.net,+1-374-458-9847x1770,2023,Batch-2023,Herreratown,2027
159,Victor Thompson,19,Female,tyler49@example.net,717.311.2306x024,2020,Batch-2020,South Cassandra,2024
160,Jessica Lee,20,Male,collinsalicia@example.net,331-386-8772,2022,Batch-2022,Ashleymouth,2026
161,Dustin Atkinson,30,Female,phillipsallen@example.org,293-857-7579x0643,2021,Batch-2021,New Scottmouth,2025
162,Miguel Bailey,30,Other,welchkelsey@example.org,815-563-2380,2020,Batch-2020,Port Tinaport,2024
163,Denise Evans,27,Female,jenna36@example.net,(830)556-4012,2018,Batch-2018,Hansonchester,2022
164,Patrick Green,19,Other,sarah27@example.org,001-916-719-8186x6050,2022,Batch-2022,New Robertmouth,2026
165,Sydney Dorsey,29,Male,jerryyoung@example.org,(683)676-3083x853,2018,Batch-2018,Bishoptown,2022
166,Richard Johnson,18,Other,mike68@example.com,001-936-691-1522x8019,2019,Batch-2019,East Ruben,2023
167,Frank Turner,21,Female,ashley30@example.org,001-844-592-6898x248,2019,Batch-2019,Beverlymouth,2023
168,Debbie Harris,20,Other,kyle50@example.org,(597)646-8866x327,2019,Batch-2019,Lake Zacharyville,2023
169,William Wells,19,Male,dustin92@example.com,668.731.5701x6037,2022,Batch-2022,Michellemouth,2026
170,James Martinez,29,Other,mary53@example.org,+1-775-997-1868x0879,2018,Batch-2018,Smithburgh,2022
171,Lauren Brewer,22,Female,watsonevan@example.com,852-775-5931x44952,2018,Batch-2018,Danielmouth,2022
172,Alexander Knight,21,Female,robertcruz@example.com,(313)726-5056x28300,2021,Batch-2021,Padillaland,2025
173,Emily Mccarthy,23,Female,johnjohnson@example.org,+1-318-493-9432,2018,Batch-2018,Angieshire,2022
174,Sara Lewis,24,Female,jacqueline16@example.org,607-290-7255x8327,2018,Batch-2018,Riverashire,2022
175,Ashley Kane,27,Other,angelajones@example.com,+1-209-509-1447x612,2022,Batch-2022,Marshchester,2026
176,Alexander Cortez,26,Female,williamford@example.org,536-945-3793,2018,Batch-2018,East Vickiefurt,2022
177,Jeffery Vasquez,21,Female,ahouston@example.com,001-471-357-7040x467,2021,Batch-2021,Williamsview,2025
178,Edward Ponce,20,Other,agoodman@example.com,(856)366-3637x422,2022,Batch-2022,Port Thomasmouth,2026
179,Annette Riley,30,Male,qadams@example.com,5652284317,2021,Batch-2021,Port Teresa,2025
180,Laura Hardin,18,Female,rhondasmith@example.net,749.500.5504,2019,Batch-2019,East Jerryfort,2023
181,Kristi Decker,20,Female,smason@example.com,(954)584-3225,2018,Batch-2018,Jonesfort,2022
182,Derrick Ayala,21,Other,lorisingleton@example.com,001-222-715-4884x9918,2023,Batch-2023,Cookburgh,2027
183,Vincent Ortiz,22,Male,john11@example.com,311-823-5560x4624,2019,Batch-2019,North Travis,2023
184,David Gutierrez,19,Male,lutztimothy@example.org,(200)922-3703x97126,2023,Batch-2023,Danafurt,2027
185,Jasmine Tanner,21,Female,deborah66@example.net,405.877.6423x0877,2021,Batch-2021,West Tiffanystad,2025
186,Nicole Hall,23,Female,fpittman@example.net,001-356-944-7982x12927,2020,Batch-2020,East Mary,2024
187,Raymond Lee,22,Other,traci51@example.com,(698)966-3844x98981,2022,Batch-2022,Rebeccaberg,2026
188,Angela Matthews,28,Female,amandaperez@example.net,001-239-439-2277x9918,2023,Batch-2023,South Elizabeth,2027
189,Michelle Roy,23,Male,megan26@example.net,+1-887-397-5453x564,2020,Batch-2020,Kristiville,2024
190,Monica Collins,24,Other,moodywilliam@example.net,+1-240-633-8787,2020,Batch-2020,North Kayla,2024
191,Thomas Campbell,20,Male,amber24@example.net,001-697-606-0010x536,2020,Batch-2020,Meghanport,2024
192,Kenneth Rogers,20,Female,cgibbs@example.com,944-741-7685,2019,Batch-2019,Mitchellfurt,2023
193,Kelly Schultz,19,Other,gbarrera@example.net,(201)298-4064,2022,Batch-2022,West Jaime,2026
194,Monica Donaldson,22,Other,kwaller@example.org,760.478.0679x75834,2020,Batch-2020,Nancyshire,2024
195,Tammy Wilson,21,Male,david73@example.net,515-372-0245x21513,2019,Batch-2019,Stonebury,2023
196,Lisa Schneider,26,Male,john06@example.net,+1-378-281-9691x074,2022,Batch-2022,Weaverberg,2026
197,Russell Harris,27,Other,christianmoreno@example.net,+1-206-883-6106x267,2023,Batch-2023,Lake David,2027
198,Veronica Perez,24,Female,franksmith@example.net,480.669.1081,2021,Batch-2021,South Paula,2025
199,Ricky Craig,24,Other,porterbradley@example.com,+1-384-922-4534x63452,2021,Batch-2021,South Timothyton,2025
200,Teresa Rodriguez,20,Male,duanemiddleton@example.com,(451)427-0080x59604,2022,Batch-2022,Lake Brianna,2026
201,Richard Ortiz,26,Other,mike40@example.net,5494475267,2023,Batch-2023,North James,2027
202,Samantha Stewart,20,Female,aromero@example.com,+1-980-636-1002x31381,2021,Batch-2021,Richardstad,2025
203,Kayla Williams,29,Other,robin91@example.org,001-277-375-8481x810,2020,Batch-2020,Port Tanyaville,2024
204,Laura Perez,26,Male,estevens@example.com,(340)829-7913x5902,2020,Batch-2020,Suzanneberg,2024
205,Katie Ramirez,25,Female,krystalvaldez@example.com,+1-445-993-4393x4077,2018,Batch-2018,Hunterfurt,2022
206,Barbara Johnson,26,Female,thorntondeborah@example.org,001-896-578-9942x32163,2022,Batch-2022,Kingview,2026
207,Megan Ramirez,20,Other,johnlee@example.com,458.886.8433,2019,Batch-2019,Michaelview,2023
208,Sara Gallegos,20,Other,rnorman@example.com,(593)352-9632,2021,Batch-2021,Morganberg,2025
209,Jeffrey Forbes,21,Female,kayla23@example.net,001-336-744-0681x694,2023,Batch-2023,West Julie,2027
210,James Estrada,25,Other,cpruitt@example.org,319.436.4221x8260,2018,Batch-2018,Sarahburgh,2022
211,Brandon Washington,26,Other,spencersylvia@example.com,458.911.3842x1753,2023,Batch-2023,Millsport,2027
212,Angela Rogers,21,Female,hernandezkatie@example.com,001-226-452-1656x711,2022,Batch-2022,Robertborough,2026
213,Kenneth Henderson,22,Other,michaelgraves@example.net,001-330-673-4260,2023,Batch-2023,Kimberlyfurt,2027
214,Colton Lopez,25,Female,davisjohn@example.com,001-375-558-7573,2022,Batch-2022,Edwardsbury,2026
215,Paul Smith,30,Male,michael58@example.org,(765)639-6755x47203,2022,Batch-2022,Millerberg,2026
216,Miguel Berry,18,Female,alexandracastillo@example.org,+1-930-729-4524x728,2023,Batch-2023,Port Angela,2027
217,Brian Hanna,18,Male,mitchelltaylor@example.net,(293)391-1992x811,2019,Batch-2019,Lake Matthewburgh,2023
218,Dr. Robert Porter PhD,25,Male,careywilliam@example.net,(372)679-0386x50693,2018,Batch-2018,Michaelmouth,2022
219,Ross Gonzalez,20,Male,wilkinssamantha@example.com,001-542-762-1302x1051,2022,Batch-2022,South Diana,2026
220,Michael Donovan,24,Male,millerbelinda@example.com,813.570.7157x134,2020,Batch-2020,Washingtonbury,2024
221,John Vaughn,18,Male,kevinmorgan@example.org,514-543-9361x3945,2018,Batch-2018,Jesuschester,2022
222,Glen Harris,21,Other,rday@example.net,+1-402-237-6542x78381,2018,Batch-2018,West Lauren,2022
223,David Ware,24,Male,kimberlyrichard@example.net,371-968-3297,2020,Batch-2020,North Moniqueburgh,2024
224,Antonio Rivera,28,Male,xmack@example.net,(988)943-2017x61494,2018,Batch-2018,Douglasfurt,2022
225,Diane Brown,20,Other,sperry@example.org,+1-518-941-5206x6825,2018,Batch-2018,Youngside,2022
226,Ronald Nielsen,23,Male,sloansandra@example.net,555-677-3433x95628,2020,Batch-2020,East Rebecca,2024
227,Brittany Rojas,25,Female,michellemoore@example.com,(452)290-5515,2018,Batch-2018,West Adam,2022
228,Keith Griffin,19,Male,vhill@example.net,(299)916-1062x3745,2023,Batch-2023,Michaelburgh,2027
229,Jane Gaines,20,Female,hannah06@example.org,781-466-5547x508,2018,Batch-2018,Rachelbury,2022
230,Francisco Allen,24,Female,vlee@example.org,451.631.8527,2019,Batch-2019,Saundersbury,2023
231,Matthew Smith,23,Other,lday@example.org,563-517-2097,2023,Batch-2023,Shannonview,2027
232,Lori Brady,24,Female,murphypaul@example.com,396.596.1407,2023,Batch-2023,Martinstad,2027
233,Robert Gomez IV,18,Male,nramsey@example.org,545.344.7440,2022,Batch-2022,Floresfurt,2026
234,Stephanie Mitchell,25,Female,salinasbrian@example.net,8087812276,2018,Batch-2018,Adrianberg,2022
235,Crystal Hall,25,Male,rogerrice@example.org,536-495-2320x059,2019,Batch-2019,Nicolehaven,2023
236,Dr. Tiffany Lawrence,26,Male,leedavid@example.com,+1-499-884-7264,2018,Batch-2018,Sanchezmouth,2022
237,Dana Brown,30,Male,laura12@example.com,489-359-0493x0232,2022,Batch-2022,Harrisfort,2026
238,Katie Schwartz,26,Female,tracy95@example.org,(607)800-5923,2021,Batch-2021,West Christopher,2025
239,James Glover,26,Male,jonathantaylor@example.org,+1-740-849-9382,2018,Batch-2018,Port William,2022
240,Jacob Downs,28,Other,traviselizabeth@example.com,2676967957,2018,Batch-2018,Petersonfurt,2022
241,Jeremy Taylor,19,Other,ingramelizabeth@example.org,619.309.1269x234,2022,Batch-2022,East Elizabeth,2026
242,Rebecca Davis,23,Male,hesslauren@example.net,854-277-8909x363,2018,Batch-2018,Riggsland,2022
243,Kimberly Cruz,26,Other,amandaevans@example.net,(235)426-3787x041,2022,Batch-2022,Lake Matthewtown,2026
244,Matthew Klein,22,Male,ramirezbryan@example.net,597-653-7560x1096,2022,Batch-2022,Mitchellshire,2026
245,Carol Griffith,26,Other,bradleyjon@example.net,962-719-2770x082,2023,Batch-2023,Kathrynstad,2027
246,Ryan James,21,Other,scott16@example.org,337.553.0445x90165,2019,Batch-2019,Jacobfurt,2023
247,Michael Kane,27,Female,terri40@example.net,(260)724-0848x3859,2019,Batch-2019,Port David,2023
248,Michael Johnson,22,Other,norma89@example.com,+1-800-563-2637x656,2019,Batch-2019,Jordantown,2023
249,John Vaughan,24,Other,wmcdowell@example.net,001-688-225-5318x6135,2023,Batch-2023,Rileyburgh,2027
250,Melinda Rocha,28,Other,clarkesheila@example.com,8962678973,2022,Batch-2022,North Richardfort,2026
251,Steven Russell,29,Male,whitedaniel@example.org,+1-511-880-5955,2021,Batch-2021,North Amanda,2025
252,Natasha Miller,27,Female,cainmichael@example.org,001-851-572-3894,2022,Batch-2022,North Zachary,2026
253,Steven Campbell,23,Female,reedkevin@example.net,217.787.0944,2022,Batch-2022,Lake Jared,2026
254,Jennifer Alexander,20,Male,walkerdaniel@example.net,(397)226-9476,2021,Batch-2021,South Charles,2025
255,Luis White,26,Other,garciabrett@example.com,615-969-9314x03328,2020,Batch-2020,Shepardview,2024
256,Nancy Jones,22,Female,sabrina93@example.com,(884)514-0327x507,2020,Batch-2020,New Jeffreyside,2024
257,Vanessa Davis,25,Other,rhenderson@example.com,001-824-496-2514,2020,Batch-2020,Robinsonbury,2024
258,Olivia Hill,19,Male,aaguilar@example.org,001-640-913-5796,2020,Batch-2020,Murphymouth,2024
259,Bethany Brooks,28,Other,acarson@example.org,527-786-7862,2020,Batch-2020,Gomezhaven,2024
260,Kimberly Tran,19,Other,robertsonrebecca@example.com,927-545-2528x83496,2022,Batch-2022,South Patriciafort,2026
261,Sean Burke,19,Female,bryanchristine@example.org,311.805.5506x11779,2018,Batch-2018,West Benjamin,2022
262,Carol Holloway,18,Other,michelle17@example.org,968.514.8323,2022,Batch-2022,Gilbertshire,2026
263,Jodi Mccarty DVM,30,Female,bobby08@example.org,001-977-309-9219x35842,2021,Batch-2021,South Edward,2025
264,Ashley Castillo,22,Male,johnsoneric@example.com,868-266-8343x2636,2018,Batch-2018,Farleyport,2022
265,Austin Ruiz,22,Female,danielwalsh@example.org,+1-726-756-7912,2019,Batch-2019,North Tina,2023
266,Tina Massey,18,Other,eraymond@example.org,+1-746-728-6104x14801,2020,Batch-2020,Gregoryview,2024
267,Terry Kelly,24,Other,grantdavid@example.net,(914)836-8166,2022,Batch-2022,Kennethhaven,2026
268,Julie Marshall,18,Other,hartcorey@example.net,750.363.3273x1061,2021,Batch-2021,New Stephenside,2025
269,Ricky Murphy,27,Other,debragriffin@example.com,+1-982-320-6124,2023,Batch-2023,Lorimouth,2027
270,Daniel Smith,26,Other,gtran@example.net,585.516.0905,2022,Batch-2022,Dominguezbury,2026
271,Kimberly Williams,24,Male,dianaholmes@example.org,(546)230-8501,2019,Batch-2019,Kramermouth,2023
272,Lynn Lucero,22,Female,stevenpatel@example.org,(303)490-6885x49482,2018,Batch-2018,Joshuahaven,2022
273,Amy Wiggins,30,Male,kimberly89@example.com,001-708-513-0383x0162,2019,Batch-2019,Lake Nicolechester,2023
274,Kimberly Hernandez,28,Male,kimberlymiller@example.net,499.724.7659x62884,2020,Batch-2020,Carterport,2024
275,Krystal Cooke,22,Female,lpark@example.com,(915)759-6755,2018,Batch-2018,Brownhaven,2022
276,Courtney Marshall,18,Male,hallbrenda@example.net,(667)619-5858x319,2020,Batch-2020,Gonzaleshaven,2024
277,Beth Smith,22,Male,travisbarnes@example.com,6189526415,2021,Batch-2021,Port Russell,2025
278,Jenna Mitchell,20,Other,williamskayla@example.com,001-806-508-2939x5442,2021,Batch-2021,Maryfurt,2025
279,Darryl Murphy,21,Male,nicholas07@example.net,998-952-5525,2023,Batch-2023,Deborahland,2027
280,Matthew Smith,22,Other,cody27@example.org,974.355.9458x166,2023,Batch-2023,North Matthew,2027
281,Barbara Johnson,27,Other,mlee@example.org,(400)572-9509x534,2019,Batch-2019,Sherylfurt,2023
282,Richard Frazier,20,Female,matthewgalloway@example.org,+1-509-363-2125x0557,2023,Batch-2023,East Codyhaven,2027
283,Shannon Marquez,24,Male,joydaniels@example.org,(905)271-1249x91252,2019,Batch-2019,Johnsonton,2023
284,Benjamin Stein,20,Male,micheal43@example.org,+1-606-259-4077,2018,Batch-2018,Dianaville,2022
285,Vanessa Thomas,20,Male,carlos02@example.com,244.221.7015x464,2018,Batch-2018,Port Megan,2022
286,Adam Jones,18,Male,carrie23@example.net,001-674-577-4313x1345,2023,Batch-2023,Juanport,2027
287,Eric Shah,19,Female,sheena00@example.com,001-687-509-9986x695,2018,Batch-2018,Port Summermouth,2022
288,Megan Patterson,24,Other,ugardner@example.com,+1-724-412-9317,2022,Batch-2022,Jenniferville,2026
289,Sierra Haynes,24,Male,heidi47@example.org,+1-697-459-6983x800,2020,Batch-2020,South Melaniestad,2024
290,James Davis,19,Female,xjohnson@example.org,+1-611-626-3764x1222,2021,Batch-2021,East Nicholas,2025
291,Paige Palmer,28,Female,joseph80@example.net,001-498-930-4944,2020,Batch-2020,Alexisville,2024
292,Elizabeth Kemp,30,Male,amy15@example.net,(647)489-1630x46543,2018,Batch-2018,Bishoptown,2022
293,Jose Wagner,28,Female,rmartin@example.com,(559)579-2478x006,2022,Batch-2022,New Jamesburgh,2026
294,Kathy Haynes,22,Female,lopezkevin@example.org,001-696-774-6771,2023,Batch-2023,Natashaville,2027
295,Shirley Walker,21,Female,dianestevenson@example.net,+1-898-628-3511x17861,2021,Batch-2021,West Thomasbury,2025
296,Melanie Soto,19,Female,lowecindy@example.net,(211)921-1379x9158,2018,Batch-2018,Amandaborough,2022
297,Joseph Anderson,28,Female,josephramirez@example.org,631.666.3973,2021,Batch-2021,Port Lori,2025
298,Heather Faulkner,24,Other,qgreen@example.org,(980)308-4594x0098,2020,Batch-2020,Laurachester,2024
299,David Gates,21,Female,ale@example.org,411-240-2871x915,2022,Batch-2022,Hallborough,2026
300,Samuel Hansen,28,Other,reyesdavid@example.org,(567)661-1931x22682,2023,Batch-2023,North Krystalbury,2027
301,Greg Wells,28,Male,steinmatthew@example.com,812.804.4148,2020,Batch-2020,Strongtown,2024
302,Kevin Donaldson,18,Male,amandafarrell@example.com,(712)915-8836x060,2020,Batch-2020,Port Michellehaven,2024
303,Danielle Smith,18,Male,ritadavis@example.org,709-573-9130,2019,Batch-2019,Kristinafurt,2023
304,Daniel Hanna,19,Female,smithanthony@example.net,574.529.6384,2021,Batch-2021,Lake Carrieborough,2025
305,Patrick Reed,28,Other,jessica09@example.org,+1-879-233-1173,2020,Batch-2020,Port Michaelburgh,2024
306,Melissa Peters,20,Male,john59@example.net,+1-248-851-2195x14714,2021,Batch-2021,Hillville,2025
307,Alex Jordan,18,Other,ccisneros@example.net,949.216.6120x2427,2018,Batch-2018,Lake Shawnborough,2022
308,Rebecca Cruz,28,Male,watsondennis@example.com,5444877273,2019,Batch-2019,New David,2023
309,Gary Dean DVM,25,Female,derek72@example.org,001-901-825-1614x343,2018,Batch-2018,Monicaview,2022
310,Benjamin Day,21,Male,bethosborn@example.net,8656418252,2021,Batch-2021,South Robertstad,2025
311,Christopher Miller MD,25,Male,hjones@example.org,(438)480-5371,2018,Batch-2018,Wilsonborough,2022
312,Stuart Hernandez,19,Female,leejoseph@example.net,609.309.5946,2023,Batch-2023,West James,2027
313,Arthur Juarez,23,Female,jeffrey16@example.com,743-526-2905,2020,Batch-2020,Danaville,2024
314,William Contreras,23,Female,amanda59@example.com,(277)313-6314x0094,2019,Batch-2019,East Ericaville,2023
315,Jerry Young,22,Other,aaronhernandez@example.net,921.516.1951x761,2021,Batch-2021,Coopermouth,2025
316,Debra Warren,27,Male,troy76@example.com,001-696-539-8531,2022,Batch-2022,Emilyport,2026
317,Cheryl Atkinson,20,Male,perryerik@example.com,001-792-677-9432x969,2019,Batch-2019,Colemanfort,2023
318,Noah Richardson,21,Female,teresajames@example.net,(296)490-8482x833,2019,Batch-2019,East Michael,2023
319,Vincent Mcgee,28,Female,jamessherman@example.org,001-378-998-6038x263,2022,Batch-2022,Samanthamouth,2026
320,Lindsey Powell,25,Male,aosborne@example.com,9835228996,2020,Batch-2020,East Ericstad,2024
321,James Padilla,18,Female,michaelmullins@example.com,(360)625-1884x1598,2020,Batch-2020,New Anthony,2024
322,James Johnson,29,Other,ashley64@example.net,340-697-7849x206,2019,Batch-2019,Meganstad,2023
323,Jorge Shields,23,Female,ucollins@example.org,812.486.9580,2021,Batch-2021,West Heather,2025
324,Nicole Harper,21,Other,pamelafuentes@example.com,285.354.5351,2021,Batch-2021,Walkerport,2025
325,Christopher Fernandez,18,Male,walter24@example.net,807.973.4817x34541,2022,Batch-2022,Rileymouth,2026
326,Jared Williams,21,Male,johnsonemily@example.org,322.913.5053,2019,Batch-2019,Cordovamouth,2023
327,Kimberly Wright,21,Female,robinsonmary@example.net,761.416.2154x7733,2020,Batch-2020,Huffmanberg,2024
328,Jeff Houston,23,Other,kjordan@example.org,001-945-345-9771x919,2023,Batch-2023,West Christian,2027
329,Michael Ochoa,19,Male,martha27@example.net,963.849.0202x924,2022,Batch-2022,Travisberg,2026
330,Larry Ramsey,28,Male,janicelopez@example.org,8045266013,2021,Batch-2021,South Paigeville,2025
331,Timothy Carter,23,Male,hgreen@example.org,776.604.2538x3588,2022,Batch-2022,West Michael,2026
332,Andrea Davis,21,Female,blankenshiprussell@example.net,784-285-9226x3361,2020,Batch-2020,Lake Danielle,2024
333,Alicia Bowman,23,Male,christinalopez@example.org,398.491.3236x58257,2023,Batch-2023,North Tyler,2027
334,Mindy Walters,27,Other,bharris@example.org,001-490-548-9721,2018,Batch-2018,North Daniel,2022
335,Christian Scott,24,Other,michaelherrera@example.com,386.478.8101x397,2020,Batch-2020,Krausebury,2024
336,Karen Garcia,30,Male,mark23@example.net,(248)591-6772x59486,2020,Batch-2020,Torresmouth,2024
337,Jennifer Parker,19,Male,caroline04@example.net,+1-243-348-8418x77292,2021,Batch-2021,Paulatown,2025
338,Alyssa Thornton,26,Other,donna50@example.org,(421)288-4285x43378,2018,Batch-2018,Karenburgh,2022
339,Cindy Jensen,25,Male,kaufmandavid@example.org,492.795.9422x02171,2020,Batch-2020,Harrisfort,2024
340,David Burton,27,Male,eric84@example.org,+1-917-958-0127,2018,Batch-2018,Coxchester,2022
341,Jonathan Smith,23,Female,caseallison@example.org,+1-344-813-6436x4275,2023,Batch-2023,North Mandy,2027
342,Craig Davis,24,Male,csanchez@example.com,8197888980,2020,Batch-2020,Angelafurt,2024
343,Nicole Walker,19,Other,bhartman@example.net,5912292076,2019,Batch-2019,Emilyland,2023
344,Michael Moore,18,Other,herringjoshua@example.org,2884687979,2020,Batch-2020,Johnsonview,2024
345,Christopher Williams,23,Other,andrewcarr@example.com,001-569-444-6890,2021,Batch-2021,Alexisbury,2025
346,Michelle Little,21,Female,wsmith@example.org,658-284-3607,2020,Batch-2020,Lake Patriciatown,2024
347,Richard Moore,25,Female,acordova@example.com,235.582.9591,2021,Batch-2021,South Susanhaven,2025
348,Brian Young Jr.,18,Male,craigtrevor@example.net,+1-774-639-3707x9612,2018,Batch-2018,Jacksonchester,2022
349,Carl Clark,25,Other,bakerrichard@example.com,001-631-398-8592x10254,2023,Batch-2023,North Jessica,2027
350,Aaron Cobb,27,Male,jmcknight@example.org,553.977.1991x078,2019,Batch-2019,Welchview,2023
351,Lauren Carlson,22,Female,jrichardson@example.org,947-899-2680x770,2019,Batch-2019,Lake Melissa,2023
352,Bruce Butler,29,Female,alfred31@example.org,001-539-732-6312,2023,Batch-2023,Lake Sonya,2027
353,Derek Peterson,20,Other,jacobboyd@example.net,(753)459-7198x838,2021,Batch-2021,Bradleychester,2025
354,Matthew Gutierrez,25,Male,tammymartinez@example.net,001-909-509-0414,2022,Batch-2022,Powellshire,2026
355,Brian Smith,25,Other,cmorris@example.org,(246)404-8455,2022,Batch-2022,Kaitlynfort,2026
356,Brandon Oconnell,24,Female,colliersamantha@example.org,4095839663,2023,Batch-2023,Port April,2027
357,Heidi Anderson,29,Male,alexander13@example.com,+1-701-457-7870x35149,2023,Batch-2023,North Andrew,2027
358,Ronald Rivera,22,Male,ricemartin@example.com,(971)587-0879,2023,Batch-2023,Nicolasport,2027
359,Gregory Johnson,25,Male,moralesroy@example.com,645.744.9035,2022,Batch-2022,Port Kimfort,2026
360,Wendy Solis,19,Female,larry12@example.org,(673)688-8859x443,2019,Batch-2019,Danielton,2023
361,Tara Arellano,21,Other,boothcharlene@example.net,960.644.6679,2019,Batch-2019,East Nicolas,2023
362,Amanda Fernandez,25,Female,karenzavala@example.org,298.775.6559,2023,Batch-2023,Lake Robin,2027
363,Alyssa Mccoy,23,Female,mayssarah@example.net,+1-371-441-1392,2019,Batch-2019,South Bradley,2023
364,Ashley Lewis,23,Other,delgadoricardo@example.net,+1-691-522-5931x35952,2021,Batch-2021,South Nicholas,2025
365,Randy Mccall,21,Male,allenrobert@example.net,885.272.4295x351,2021,Batch-2021,Wyattton,2025
366,Steven Dyer,20,Other,cburgess@example.com,695-895-1272,2020,Batch-2020,Berrytown,2024
367,Angela Hunt,22,Female,lisawalker@example.org,001-624-507-4755x551,2018,Batch-2018,Port Sabrina,2022
368,Dennis Chapman,25,Female,fosterdean@example.com,(831)699-7528x7582,2020,Batch-2020,Nicholasville,2024
369,Mark Giles,24,Other,heathdiane@example.net,+1-459-952-9548x45581,2023,Batch-2023,Lake Johnberg,2027
370,Kristen Barton,19,Other,jessica64@example.net,(450)218-5567,2018,Batch-2018,South Linda,2022
371,Derek Adams,28,Male,bsanchez@example.com,206-847-7579,2023,Batch-2023,Moralesville,2027
372,Donald Smith,24,Female,christopherglenn@example.net,801.415.4353x43460,2021,Batch-2021,Walkerfurt,2025
373,Tony Edwards,27,Male,amycoleman@example.org,401-909-6487,2022,Batch-2022,North Kelseyport,2026
374,Chad Cameron,22,Male,wallacejeremy@example.net,(255)272-6391x32497,2019,Batch-2019,South Robertton,2023
375,Amber Estrada,19,Female,sfriedman@example.net,868.320.3359,2018,Batch-2018,Austinside,2022
376,Alexandra Alvarado,18,Other,dawn25@example.com,964-457-8590x43845,2019,Batch-2019,Bishopfurt,2023
377,Patricia Nunez,19,Other,jennifershaw@example.com,001-995-312-1603,2019,Batch-2019,Andersonstad,2023
378,David Meyers,29,Other,haletimothy@example.com,213.489.2785x2653,2018,Batch-2018,Whiteberg,2022
379,Diane Torres,22,Female,rojasrandy@example.net,+1-448-899-7139x3803,2021,Batch-2021,South Michaelville,2025
380,Martin Lewis,22,Male,jimenezsherri@example.com,(412)876-9544,2019,Batch-2019,Heidimouth,2023
381,John Barnes,27,Other,lambertmichael@example.net,235.437.8920x6517,2020,Batch-2020,Isaacburgh,2024
382,Beth Bowers,24,Female,william00@example.org,837-614-1162x11254,2022,Batch-2022,Joyceberg,2026
383,Amanda Gutierrez,29,Female,rivassamantha@example.net,537.701.8568,2019,Batch-2019,West Shannon,2023
384,Willie Gutierrez,22,Male,edward37@example.com,646.249.0184,2023,Batch-2023,Dustinview,2027
385,Chelsey Taylor,25,Other,xbrown@example.net,001-325-973-2478,2021,Batch-2021,East Matthew,2025
386,Steven Morris,30,Female,jay90@example.com,(558)796-9180,2022,Batch-2022,Lake Jeffrey,2026
387,Elijah Cohen,21,Other,brojas@example.com,(224)865-7480x90705,2023,Batch-2023,Brianfort,2027
388,Nathaniel Harris,24,Female,jmartinez@example.net,217.396.5216x9666,2023,Batch-2023,East Christine,2027
389,Tammy Hogan,29,Other,jenniferhughes@example.net,323-278-4935,2021,Batch-2021,Matthewsmouth,2025
390,Sarah Adams,24,Other,johnmontes@example.net,(910)800-5460,2018,Batch-2018,Lake Amy,2022
391,Lisa Wiggins,20,Male,camerontucker@example.net,(341)496-9445x57854,2023,Batch-2023,East Angie,2027
392,Carlos Wagner,23,Female,natalie78@example.org,001-527-592-7397x5639,2021,Batch-2021,North Gene,2025
393,Daniel Burton,28,Female,mwaller@example.org,+1-734-282-5216x89754,2022,Batch-2022,North Aaron,2026
394,Daniel Page,30,Female,frederickhancock@example.org,214-817-3049x82810,2020,Batch-2020,West Robinfurt,2024
395,Jenna Mckenzie,25,Other,schmidtrobert@example.net,733-217-4853x3864,2022,Batch-2022,Whitehaven,2026
396,Angela Hill,19,Male,jay81@example.org,(374)921-9182x56544,2018,Batch-2018,New Timothyhaven,2022
397,Blake Rowe,29,Male,jthomas@example.org,245.763.1045,2022,Batch-2022,West Ryan,2026
398,Joshua Freeman,28,Female,michael87@example.org,(805)655-4179,2019,Batch-2019,East Shannon,2023
399,Tiffany Silva,21,Male,yramirez@example.net,(825)988-6071x7211,2020,Batch-2020,Lake Paul,2024
400,Victor Nguyen,30,Other,annawalker@example.com,+1-414-343-7418x755,2018,Batch-2018,Roweshire,2022
401,David Mcknight,27,Other,walshjennifer@example.net,(487)813-3143,2020,Batch-2020,Russoton,2024
402,Deborah Morales,22,Other,rodriguezjohn@example.org,(202)676-0400x8303,2020,Batch-2020,Port Danielmouth,2024
403,Megan Chavez,21,Other,mcarr@example.com,(288)928-1440x61985,2021,Batch-2021,South Julialand,2025
404,Sabrina Smith,30,Female,angelawilkins@example.com,+1-750-852-7126x456,2018,Batch-2018,Brianmouth,2022
405,Michael Perry,29,Female,william83@example.com,(704)550-5583x82714,2018,Batch-2018,East Christine,2022
406,Manuel Davenport,19,Other,patty74@example.net,435.228.9131x634,2022,Batch-2022,Dodsonhaven,2026
407,Ryan Reynolds,18,Other,robertfischer@example.com,+1-601-880-8170x37233,2023,Batch-2023,Nguyenfurt,2027
408,Daniel Miranda,20,Female,shawconnor@example.com,594-584-5920,2023,Batch-2023,South Davidhaven,2027
409,Sierra Blankenship,18,Female,justin84@example.net,2283483485,2019,Batch-2019,Jesseville,2023
410,Grace Koch,29,Other,ysmith@example.net,314-802-8132x39602,2019,Batch-2019,Shaneport,2023
411,Mary Herrera,21,Other,martinespinoza@example.com,215.964.2577,2022,Batch-2022,South Emily,2026
412,Karen Foster PhD,28,Male,houstonmichael@example.org,+1-696-810-0876,2019,Batch-2019,Brittneyfort,2023
413,William Ferguson,18,Male,kvazquez@example.org,964-739-5980x520,2018,Batch-2018,Lake Christopherbury,2022
414,Jason Ballard,21,Male,xsantiago@example.org,956-956-2695,2023,Batch-2023,North Alexiston,2027
415,Barbara Wright,21,Female,rodney29@example.com,001-722-586-4866x91777,2018,Batch-2018,South Eric,2022
416,Courtney Kennedy,21,Male,samantha54@example.net,001-993-738-8377x2914,2019,Batch-2019,Port Amandahaven,2023
417,Erik Smith,26,Other,zimmermanterry@example.org,843.754.2898,2020,Batch-2020,South Sarah,2024
418,Aaron Hendricks,22,Other,mcole@example.net,508.781.0882x657,2022,Batch-2022,West Nicolechester,2026
419,Stephen Petty MD,19,Male,zanderson@example.org,001-913-866-1496x852,2022,Batch-2022,Maryville,2026
420,Scott Hammond,21,Other,michael77@example.org,444.640.6408,2019,Batch-2019,East Julian,2023
421,Michael Smith,27,Other,josephsmith@example.net,+1-951-680-0391x9343,2020,Batch-2020,New Susan,2024
422,Audrey Poole,26,Female,jasonchavez@example.com,001-291-250-4888,2022,Batch-2022,Larrymouth,2026
423,Derek Martinez,26,Female,kimberlysingh@example.net,928.297.0037x711,2018,Batch-2018,Danielchester,2022
424,Pamela Whitney,24,Male,jamesadams@example.net,397.752.1956x25309,2019,Batch-2019,Sweeneystad,2023
425,Jessica Murillo,25,Male,cdoyle@example.com,(641)734-8120x83261,2023,Batch-2023,Port Allen,2027
426,Heather Mcclain,29,Male,steventhompson@example.com,326.622.3822x937,2021,Batch-2021,North Madisonville,2025
427,Sandra Torres,30,Male,johnmanning@example.com,434-916-4360,2021,Batch-2021,Dunlapmouth,2025
428,Tiffany Gray,24,Male,pottermariah@example.net,(507)703-2796x17630,2021,Batch-2021,Brownport,2025
429,Michael Ruiz,26,Female,tayloramanda@example.com,349.429.2564x02160,2018,Batch-2018,Jameshaven,2022
430,Stephen Mata,19,Other,esmith@example.org,477.744.8799x545,2021,Batch-2021,South Alexandramouth,2025
431,Anthony Schneider,26,Male,petersonnicole@example.net,001-615-903-4810x751,2022,Batch-2022,South Andrewview,2026
432,Amanda Thomas,24,Male,kimberly59@example.net,(417)307-2713,2023,Batch-2023,Belltown,2027
433,Becky Long,28,Male,bushjo@example.com,5464642444,2019,Batch-2019,Fordburgh,2023
434,Robert Wright,21,Other,englishrobin@example.net,001-360-482-0769x39194,2018,Batch-2018,East Amandaport,2022
435,John Larson,30,Female,bburns@example.org,907-769-5810x5155,2021,Batch-2021,Robertchester,2025
436,Margaret Hopkins,20,Female,bensondebra@example.org,651.594.7882,2020,Batch-2020,Huertamouth,2024
437,Noah Green,21,Female,dstrickland@example.org,(904)894-1142x102,2023,Batch-2023,Lake Danielshire,2027
438,Cody Chambers,23,Male,schmidtmichael@example.org,+1-302-742-9602x9880,2020,Batch-2020,Danieltown,2024
439,Emma Smith,19,Female,davidsonelizabeth@example.net,393.404.1567x192,2022,Batch-2022,Williamston,2026
440,Sandra Ortiz MD,21,Other,simmonsamber@example.org,955-408-6789x68698,2018,Batch-2018,Sandraland,2022
441,Allison Pearson,30,Female,joshualee@example.org,001-621-912-4515x4122,2018,Batch-2018,Lake Catherine,2022
442,Jessica George,29,Male,paula68@example.net,532.739.7738,2020,Batch-2020,Port Katherine,2024
443,John Juarez,20,Other,washingtontony@example.com,(949)744-7931x3398,2021,Batch-2021,New Shannon,2025
444,Michael Jackson,26,Female,copelandkathleen@example.org,502.345.1373x06975,2022,Batch-2022,Robinsonstad,2026
445,Heather Martinez,22,Other,greenevelyn@example.org,001-720-623-1211x5184,2021,Batch-2021,Danielleborough,2025
446,Amy Reynolds,30,Female,mcbridedarryl@example.net,(917)402-7099x00261,2019,Batch-2019,Port Frank,2023
447,David Ramirez,19,Female,ronaldterrell@example.com,8609145077,2019,Batch-2019,East Alexis,2023
448,Melissa Reed,25,Other,salaslauren@example.net,001-955-782-8795x41207,2020,Batch-2020,Diazside,2024
449,Miss Mary Rodriguez PhD,28,Female,holly11@example.com,955-951-5104,2019,Batch-2019,South Tammyside,2023
450,Jared Bradley,30,Female,lijamie@example.org,+1-641-444-5439x4894,2018,Batch-2018,North Christianmouth,2022
451,Kenneth Johnson,25,Male,brownhoward@example.net,001-386-682-0727,2021,Batch-2021,Hoffmanfurt,2025
452,Michael West,21,Male,stacybowers@example.org,224.477.7503x5110,2021,Batch-2021,North Thomas,2025
453,Andrea Hutchinson,28,Female,zodom@example.org,326-573-2516,2020,Batch-2020,West Frankburgh,2024
454,Laura Bernard,24,Female,cynthiawhitney@example.net,464-452-9458x627,2018,Batch-2018,New Timothyshire,2022
455,Blake Walters,30,Male,ipeters@example.org,4819944540,2021,Batch-2021,Jessicaview,2025
456,Cassandra Davis,28,Other,jmays@example.org,001-476-261-2305,2023,Batch-2023,Staceytown,2027
457,Erin Johnston,28,Other,shahn@example.net,440-957-1894,2022,Batch-2022,Lake Julia,2026
458,Teresa Mercer,18,Other,robinsonstephen@example.com,+1-864-348-7004,2022,Batch-2022,Hornefort,2026
459,Andrew Duncan,30,Female,sierrasawyer@example.com,425-280-5464x7652,2019,Batch-2019,Chavezchester,2023
460,Tara Larson,23,Male,qnelson@example.net,001-536-686-5040x495,2023,Batch-2023,West Shawn,2027
461,Sean Smith,24,Male,ymcmillan@example.net,526.639.5291x25790,2021,Batch-2021,Tristanburgh,2025
462,Patricia Osborne,28,Other,xkerr@example.com,001-970-336-9604,2020,Batch-2020,Garciamouth,2024
463,Pamela Jenkins,18,Male,jrobinson@example.com,+1-575-506-0108x02328,2020,Batch-2020,Danielsport,2024
464,Michael Fisher,20,Female,fgibson@example.org,872-946-2265x16010,2020,Batch-2020,Frederickborough,2024
465,Michael Moore,23,Female,rossjoshua@example.org,+1-431-684-4578x22604,2021,Batch-2021,Tinastad,2025
466,Monica White,20,Other,garrettstuart@example.org,+1-255-789-0556x1737,2018,Batch-2018,New Stephanie,2022
467,Kelly Reynolds,28,Other,michael12@example.com,001-726-687-7595x887,2019,Batch-2019,Murphymouth,2023
468,John Miller,26,Other,freemanhoward@example.com,001-422-829-9897x475,2018,Batch-2018,New Johnchester,2022
469,James Vargas,29,Female,pmurray@example.net,442-731-4198,2020,Batch-2020,East Kimberly,2024
470,Rachel Perez,29,Other,udougherty@example.org,(275)660-0965x30872,2021,Batch-2021,North Keith,2025
471,Kathryn Hanna,26,Female,chadmcneil@example.com,745.892.9480x6900,2019,Batch-2019,New James,2023
472,Emily Edwards,22,Female,stephaniestevens@example.org,897-462-7878x30979,2022,Batch-2022,Lake Amymouth,2026
473,Laura Newman,29,Male,marshallsylvia@example.net,552.379.4347,2023,Batch-2023,East Rebecca,2027
474,Nancy Walker,20,Male,ryanbrandon@example.com,584-906-0493x42991,2023,Batch-2023,South Georgemouth,2027
475,Samuel Logan,21,Other,christinabrown@example.org,(953)660-8962,2021,Batch-2021,West Thomas,2025
476,Sharon Bird,18,Female,williamsjennifer@example.com,2278772196,2018,Batch-2018,New Crystalhaven,2022
477,Chelsea Price,22,Female,dwhite@example.org,532-605-6815,2022,Batch-2022,East Martin,2026
478,Jose Marshall,22,Female,sullivanjudy@example.net,001-724-733-8694x53927,2022,Batch-2022,East Andrew,2026
479,Andrew Harris,26,Female,wesleymurillo@example.net,304.713.8096x4512,2021,Batch-2021,Ericfort,2025
480,Yolanda Shaw,22,Male,judy66@example.org,919-780-6379,2018,Batch-2018,Sandramouth,2022
481,Terri Chapman,25,Female,vwebb@example.org,764.764.9731x16863,2023,Batch-2023,West Crystalport,2027
482,Yolanda Fitzgerald,28,Male,usolis@example.com,+1-337-729-6747x1674,2022,Batch-2022,Lake Davidberg,2026
483,Ashley Giles,20,Other,zfoster@example.org,844.945.5624x1567,2020,Batch-2020,Leonardborough,2024
484,Jose Anderson,29,Female,corey12@example.com,(840)384-2449,2020,Batch-2020,Tracyview,2024
485,Stephen Nichols,20,Female,jennifer61@example.com,(270)237-5664,2019,Batch-2019,Robinsonfort,2023
486,Brandi Ferguson,27,Other,fcoleman@example.org,537.854.4238x72783,2018,Batch-2018,North Laurenton,2022
487,Daniel Rodriguez,21,Male,wdodson@example.com,001-678-246-8161,2019,Batch-2019,Blackwellland,2023
488,Jennifer Jones,20,Other,johnblake@example.com,468.569.6244x3940,2021,Batch-2021,Christophershire,2025
489,Anita Hernandez,27,Male,ltaylor@example.org,515.671.6169,2023,Batch-2023,Campbelltown,2027
490,Karen Patton,19,Female,halexander@example.com,(510)462-9152x4656,2022,Batch-2022,Lake Frederickstad,2026
491,Michael Johnson,22,Other,morenojames@example.org,(702)833-6967x237,2018,Batch-2018,Williamsonland,2022
492,Karen Finley,27,Male,kelsey96@example.org,4352041205,2023,Batch-2023,North Tinaport,2027
493,Cody Evans,22,Other,abigail51@example.net,001-501-469-5955x6492,2018,Batch-2018,Billystad,2022
494,Jonathan Ayala,18,Female,pevans@example.org,001-707-691-3840x206,2022,Batch-2022,Corymouth,2026
495,Zachary Morgan,25,Female,wmartinez@example.com,564-802-0120x89206,2021,Batch-2021,New Charleshaven,2025
496,Trevor Rogers,22,Female,caitlin52@example.net,3797902327,2018,Batch-2018,Fitzgeraldborough,2022
497,Mrs. Jasmine Ramos MD,30,Female,sandra48@example.com,(924)654-7446,2019,Batch-2019,Amymouth,2023
498,Rachel Salazar,19,Other,emilygreen@example.org,8629702681,2020,Batch-2020,Davidton,2024
499,Justin Cox,30,Other,ibishop@example.com,001-513-264-8497x7069,2022,Batch-2022,North Alicia,2026
500,Juan Neal,23,Male,fishertara@example.net,001-981-594-4493x54249,2019,Batch-2019,Millsstad,2023
